id,title,score,num_comments,author,created_utc,url,over_18,edited,spoiler,stickied,artist,genre
1e9feje,"Guns N' Roses legend Slash announces death of 'talented' stepdaughter Lucy-Bleu Knight, 25, hours after cancelling four tour dates",14153,635,Alternative_Goose840,2024-07-22 14:16:31,https://www.dailymail.co.uk/tvshowbiz/article-13658637/Guns-N-Roses-legend-Slash-announces-death-stepdaughter-Lucy-Bleu-Knight-cancels-tour-dates.html?ito=social-reddit,False,False,False,False, Guns N' Roses ,Rock
1e9fi6x,Kamala Harris Gets Most Important Endorsement of All From Charli XCX: ‘Kamala IS brat’,2718,323,Ornery-Honeydewer,2024-07-22 14:21:02,https://metropost.us/kamala-harris-gets-most-important-endorsement-of-all-from-charli-xcx-kamala-is-brat/,False,False,False,False, Charli XCX ,Pop
1e9g2rh,Kanye West hit with copyright infringement lawsuit over Donda album in latest blow,1130,32,TheExpressUS,2024-07-22 14:45:26,https://www.the-express.com/entertainment/celebrity-news/143907/kanye-west-lawsuit-copyright-infringement,False,False,False,False, Kanye West ,Hip-Hop/Rap
1e9ltcd,Steely Dan's Donald Fagen calls out RNC cover band for playing Reelin' in the Years: 'How about playing The Man in the Tinfoil Hat?',683,36,stroh_1002,2024-07-22 18:39:49,https://www.vulture.com/article/donald-fagen-steely-dan-rnc.html,False,False,False,False, Play ,Pop
1e9o42a,"Chris Brown, Yella Beezy Sued For Alleged Assault Backstage on '11:11' Tour",564,53,joaco_ds,2024-07-22 20:12:36,https://www.tmz.com/2024/07/22/chris-brown-yella-beezy-sued-alleged-assault-11-11-tour-lawsuit/?adid=social-tw,False,False,False,False, Chris Brown ,Pop
1e9fa0a,Haven't gone to a concert in years... are people actually paying these prices now?,439,559,Reila01,2024-07-22 14:11:13,https://www.reddit.com/r/Music/comments/1e9fa0a/havent_gone_to_a_concert_in_years_are_people/,False,False,False,False, All ,Rock
1e9gcyu,"Drake Cases In L.A., Miami, ATL, & Toronto Surface, Socials React",327,72,Intelligent_Fold_177,2024-07-22 14:57:35,https://www.hot97.com/news/drake-cases-in-l-a-miami-atl-toronto-surface-socials-react/,False,False,False,False, Drake ,Hip-Hop/Rap
1e9m6u8,I hate the new trend of teasing music on tiktok or instagram,55,27,Sonder_4ever,2024-07-22 18:55:09,https://www.reddit.com/r/Music/comments/1e9m6u8/i_hate_the_new_trend_of_teasing_music_on_tiktok/,False,False,False,False, A&M ,Mix
1e9oo84,"Eminem’s new song “Trouble” from his album “The Death of Slim Shady” has become the shortest song to ever be in the Billboard Hot 100 at only 42 Seconds long.

",98,11,Whole-Shoulder8355,2024-07-22 20:34:51,https://genius.com/Eminem-trouble-lyrics,False,False,False,False, NewSong ,Christian Pop
1e9fkaa,John Prine - Sam Stone [Folk],48,4,solus-mort,2024-07-22 14:23:33,https://youtu.be/OLVWEYUqGew?si=WR_-tulWa9NzX5qS,False,False,False,False, John Prine ,Pop
1e943b8,Bright Eyes - Land Locked Blues [Folk],45,8,GustOfLeaves,2024-07-22 03:08:25,https://www.youtube.com/watch?v=Me85PztkYP0,False,False,False,False, Bright Eyes ,Rock
1e9fomh,Lake Street Dive - What Am Doing Here [Alt Jazz],42,9,solus-mort,2024-07-22 14:28:42,https://youtu.be/lcUeothSPyc?si=njYNt9weaa6h4b4d,False,False,False,False, Lake Street Dive ,Jazz
1e95wtj,Anyone here listen to This Town Needs Guns?,28,17,OffshoreScalloper,2024-07-22 04:53:29,https://www.reddit.com/r/Music/comments/1e95wtj/anyone_here_listen_to_this_town_needs_guns/,False,False,False,False, R.E.L. ,Mix
1e90yi7,The Beatles - Yellow Submarine [Classic Rock] ,31,6,aIphadraig,2024-07-22 00:26:26,https://youtu.be/m2uTFF_3MaA?list=OLAK5uy_mg9GDv75PkYWirW7OJWsgQh_K-Zthbz2w,False,False,False,False, The Beatles ,Pop
1e90nnw,Riki Lindhome - Don't Google Mommy [comedy],31,2,ChasWFairbanks,2024-07-22 00:11:26,https://youtu.be/gm5fhMlQu-c?si=R--mhV0rn7zuAcRf,False,False,False,False,,
1e9ivzm,Childish Gambino - Lithonia [Alt Rock],28,13,BlobDude,2024-07-22 16:41:50,https://www.youtube.com/watch?v=yD9Xo0V-hPw,False,False,False,False, Childish Gambino ,Hip-Hop
1e8zrz0,50 Cent feat. Eminem - Patiently Waiting [Rap],20,7,solidprospect,2024-07-21 23:29:01,https://www.youtube.com/watch?v=2si4Ve8hFos,False,False,False,False, Eminem ,Rap
1e9luvg,What are your favorite non-singles from your favorite albums?,25,49,Zealousideal_Dog3430,2024-07-22 18:41:29,https://www.reddit.com/r/Music/comments/1e9luvg/what_are_your_favorite_nonsingles_from_your/,False,False,False,False,,
1e97418,XTC - Generals and Majors [Post-Punk],18,3,Macksler,2024-07-22 06:10:29,https://www.youtube.com/watch?v=p-JeQduJ0f8,False,False,False,False, NDMA ,IDM/Experimental
1e9blkg,Indigo Girls - Closer to Fine [Folk Rock],19,0,solus-mort,2024-07-22 11:10:57,https://youtu.be/HUgwM1Ky228?si=P4I3WJdpZKHYaL6_,False,False,False,False, GI ,Inspirational
1e9heex,Iris DeMent - Let The Mystery Be [Folk],14,3,do-call-me-papi,2024-07-22 15:40:30,https://youtu.be/nlaoR5m4L80?si=HC7yVAOb8oCsm__9,False,False,False,False, Iris DeMent ,Country
1e9f7y8,The Cardigans - Your New Cuckoo [Alternative Rock],14,1,ISAMU13,2024-07-22 14:08:48,https://www.youtube.com/watch?v=komVJwWLEoM,False,False,False,False, T.I. ,Hip-Hop/Rap
1e9ajp2,"Thelonious Monk - Straight, No Chaser [jazz]",11,1,westwestwest3030,2024-07-22 10:05:56,https://m.youtube.com/watch?v=N6buuH8Q4T0&pp=ygUcc3RyYWlnaHQgbm8gY2hhc2VyIG1vbmsgbGl2ZQ%3D%3D,False,False,False,False, Elo ,Mix
1e95yr3,Foo Fighters - The Pretender [Rock],14,1,Live_Psychology7767,2024-07-22 04:56:49,https://youtu.be/SBjQ9tuuTJQ?si=ghQlZ-eXp7e8uOYp,False,False,False,False, Foo Fighters ,Rock
1e9olvv,Megadeth - A Tout Le Monde [Heavy Metal],10,2,d3rk2007,2024-07-22 20:32:08,https://youtu.be/aU-dKoFZT0A?si=QI-eXiH_a9rTJqkS,False,False,False,False, Megadeth ,Metal
1e9l0pu,Slowdive -  When The Sun Hits [Shoegaze],14,5,IPersonaI,2024-07-22 18:08:18,https://youtube.com/watch?v=tjdo8_FMZCI&si=cbT5psA-f9u9BF68,False,False,False,False, Sun ,Mix
1e9dfz7,Nick Drake - 'Cello Song [Folk Blues],12,0,solus-mort,2024-07-22 12:47:37,https://youtu.be/dkI_fGLeylM?si=B74FF6RAI3vECOwI,False,False,False,False, Drake ,Hip-Hop/Rap
1e91ud7,"U2 - Until the End of the World [Rock] (Dublin, 2001)",11,6,shkee23,2024-07-22 01:10:43,https://www.youtube.com/watch?v=ejJdfkFjKCA&ab_channel=Fuzz97,False,False,False,False, T.I. ,Hip-Hop/Rap
1e9nct2,Joan Jett and the Blackhearts - Season of the Witch [Rock],10,2,DryCalligrapher8696,2024-07-22 19:42:25,https://youtu.be/YKYcGFexI6U?si=FnpfRJhnntDzWzH1,False,False,False,False, Joan Jett ,Rock
1e9bo1f,The Sensational Alex Harvey Band - Faith Healer [Rock],9,1,do-call-me-papi,2024-07-22 11:15:01,https://youtu.be/svSV_G65CF4?si=3IaEubyrk4mu5r_Y,False,False,False,False, T.I. ,Hip-Hop/Rap
1e9g2q3,TOOL - Ænima [prog metal/alt metal],11,1,Cactus_Jacks_Ear,2024-07-22 14:45:24,https://youtu.be/CehYA3omb5o?si=7JAf4sxTldthAIQp,False,False,False,False, Tool ,Rock
1e95u5y,Robert Palmer & UB40 - I'll Be Your Baby Tonight [Bob Dylan cover],8,1,Dad2DnA,2024-07-22 04:48:50,https://youtu.be/HBcq5EzBcmQ?si=q-gvt3Jb8Rgl1wD2,False,False,False,False, Robert Palmer ,Soul
1e9n34l,Chris Cornell - Nearly Forgot My Broken Heart [alt rock],10,1,saltwatermasquerade,2024-07-22 19:31:22,https://youtu.be/zpMfZPAc1kg?si=vXrc_q74cKHrEQdj,False,False,False,False, Chris Cornell ,Rock
1e9qbcm,salvia palth - dream [Alternative] short but so relaxing,8,1,LengthPrestigious166,2024-07-22 21:40:51,https://www.youtube.com/watch?v=P7GUkYg1BAo,False,False,False,False, Dream ,Pop
1e98idd,"JUNO REACTOR - Pistolero (Live in Athens, April 19 2008) [Electronica]",9,2,maomaocat,2024-07-22 07:45:56,https://www.youtube.com/watch?v=_KoFZ0a-cpU,False,False,False,False, Electronic ,Alternative
1e9kt6j,Cowboy Junkies w/ Natalie Merchant - Misguided Angel [Folk Rock],6,0,solus-mort,2024-07-22 18:00:05,https://youtu.be/N3TVgEpMyhI?si=01E2R9eN4v3NUQQ1,False,False,False,False, Natalie Merchant ,Pop
1e9emd7,Cigarettes After Sex - Apocalypse [piano cover],7,0,waitingforthelion,2024-07-22 13:42:38,https://youtu.be/SxQQ3Q5s0TQ?si=s174u2xeR6LU9vCo,False,False,False,False,,
1e98put,Viagra Boys - In Spite Of Ourselves [Punk/Country] ,5,3,tazzietiger66,2024-07-22 08:00:19,https://www.youtube.com/watch?v=WLl1qpDL7YA,False,False,False,False, Country ,Mix
1e9333v,standing floor tickets for 5’5”,7,21,Training_Average_199,2024-07-22 02:15:04,https://www.reddit.com/r/Music/comments/1e9333v/standing_floor_tickets_for_55/,False,False,False,False, T.I. ,Hip-Hop/Rap
1e90i1g,Bad Religion - New Dark Ages [Punk Rock],4,1,nomorecrackerss,2024-07-22 00:03:48,https://www.youtube.com/watch?v=RGqA1lNXYhg,False,False,False,False, Bad Religion ,Punk
1e9qtlo,Do CDs sound better than spotify?,14,46,Sure_Assumption_7308,2024-07-22 22:01:54,https://www.reddit.com/r/Music/comments/1e9qtlo/do_cds_sound_better_than_spotify/,False,False,False,False, T.I. ,Hip-Hop/Rap
1e9hm44,Genesis - Land Of Confusion (Edit Of Remix) [Rock],4,1,IPersonaI,2024-07-22 15:49:24,https://youtube.com/watch?v=0DMbeWF9o60&si=do8fk93z9xB0424N,False,False,False,False, Genesis ,Rock
1e9fzmg,Leo Sayer - The Show Must Go On [Pop],5,1,solus-mort,2024-07-22 14:41:44,https://youtu.be/O6gEkfwozhE?si=S1yP8tkdHilwrKhv,False,False,False,False, Leo Sayer ,Pop
1e9fi39,Spade Cooley - Miss Molly [Western Swing],3,5,solus-mort,2024-07-22 14:20:53,https://youtu.be/kfBdHfg1Gpg?si=8urh5HMFhSAA1QKV,False,False,False,False, Cool-E ,Mix
1e9cjnr,Ray Parker & Raydio - For Those Who Like To Groove [Funk],5,0,solus-mort,2024-07-22 12:02:53,https://youtu.be/TBQssJikpZc?si=tgVKIC309c3MtKxx,False,False,False,False, Dio ,Rock
1e919zo,Bonnie Raitt - ‘need you tonight’ [ country ],5,0,in2xs,2024-07-22 00:41:49,https://youtu.be/ljrLWf7TYa8?si=X7j1djiQqe2Gzaiz,False,False,False,False, Bonnie Raitt ,Americana
1e9ogh8,Classical Music Brain Power - Best Of Tchaikovsky [Classical],3,0,Delicious-Dust-9932,2024-07-22 20:26:12,https://youtu.be/IQ7sYe3F4L8,False,False,False,False,,
1e9lx9f,Mean Mary - Iron Horse [Folk],6,1,solus-mort,2024-07-22 18:44:16,https://youtu.be/6CNB5OLUPM0?si=oYcPB9ZwKxHBYuUU,False,False,False,False,,
1e9j1l2,Earl WRLD - GUCCI GARDEN [Dance/Electronic],4,0,earlwrld,2024-07-22 16:48:22,https://youtu.be/RdV_9BHi6I0?si=JM15wv7NuBU1c16y,False,False,False,False, Electronic ,Alternative
1e96wqy,Geese - Gravity Blues [rock],4,1,prfssrlnghr,2024-07-22 05:57:12,https://youtu.be/HY3CPF4FkYU?si=uWi06yAKJlURhqy4,False,False,False,False,,
1e95cwn,Gary Clark Jr. - Bright Lights [Blues Rock],4,0,d3rk2007,2024-07-22 04:19:15,https://youtu.be/x_ZeDn-hHGE?si=rkkJnNQjsq0rTTVx,False,False,False,False," Gary Clark, Jr. ",Alternative
1e9rg6y,Does anyone know any Welsh speaking rock/metal bands,6,5,Financial-Ladder-954,2024-07-22 22:28:17,https://www.reddit.com/r/Music/comments/1e9rg6y/does_anyone_know_any_welsh_speaking_rockmetal/,False,False,False,False,,
1e9r3k6,tsubi club - burbank house [Indie Pop],3,0,starcaughtpeace,2024-07-22 22:13:23,https://youtu.be/0KyOukMWCtw,False,False,False,False, Indie ,Mix
1e9pl6h,The Harbours - So Sweet [Indie Rock],3,0,starcaughtpeace,2024-07-22 21:11:44,https://youtu.be/eg0_jfaAObo,False,False,False,False, Indie ,Mix
1e9n2mo,Chord Question,3,4,Jdwg128,2024-07-22 19:30:51,https://www.reddit.com/r/Music/comments/1e9n2mo/chord_question/,False,False,False,False, T.I. ,Hip-Hop/Rap
1e9k8ve,GRIEF - Depression [Sludge/Doom Metal],3,0,Jesumistro,2024-07-22 17:37:03,https://youtu.be/2pjhnaVmLtA?si=KHttjWXeFHnclnpm,False,False,False,False, Res ,R&B/Soul
1e9et8d,Laszlo Bane ft. Colin Hay - Overkill [Alt Indie],3,0,do-call-me-papi,2024-07-22 13:51:08,https://youtu.be/yVBkKEkKt1E?si=3Zkyvcjha_1I66Yb,False,False,False,False, Indie ,Mix
1e9e8u7,The Vaselines - My God's Bigger Than Your God [Alt Indie],3,1,solus-mort,2024-07-22 13:25:24,https://youtu.be/yqqpq1JYclk?si=nPGpgVrfdKoUKo-R,False,False,False,False, Indie ,Mix
1e9d4su,Joy of Cooking - Brownsville [Folk Rock],3,0,solus-mort,2024-07-22 12:32:23,https://youtu.be/Xan5ACbga2Y?si=ErcTH9_JLPfKQwLg,False,False,False,False, Joy Of Cooking ,Mix
1e9bpa3,Slash Announces the Death of Stepdaughter Lucy-Bleu Knight,2,1,Fragrant-Insurance53,2024-07-22 11:16:58,https://au.rollingstone.com/music/music-news/slash-death-stepdaughter-lucy-bleu-knight-64437/,False,False,False,False, Slash ,Mix
1e972w4,Artemas - i like the way you kiss me (southstar Remix) [EDM],4,0,Spicy-Goth,2024-07-22 06:08:29,https://youtu.be/rzPlIVwy1jM?feature=shared,False,False,False,False, Kiss ,Rock
1e96osv,Limbs of Jim ,3,0,iamcirclehead,2024-07-22 05:42:41,https://www.reddit.com/r/Music/comments/1e96osv/limbs_of_jim/,False,False,False,False,,
1e95sv0,Elizabeta - Hey I [Pop / Dance] (2023),3,0,moontanmountain,2024-07-22 04:46:29,https://open.spotify.com/track/5ATJo3wwiUG4OuW3RHSwU8?si=fhyPfZ9WTeS5gVjDKKYsGA,False,False,False,False,,
1e95nza,Viagra Boys - Research Chemicals [Punk ],2,1,tazzietiger66,2024-07-22 04:38:13,https://www.youtube.com/watch?v=U7gbFMWZWlo,False,False,False,False, VIA GRA ,Mix
1e9r7fl,Dave Matthews - Rye Whiskey [Solo Acoustic],2,0,Ralph--Hinkley,2024-07-22 22:17:55,https://www.youtube.com/watch?v=ZwscXztq4iU&t=90s,False,False,False,False, Vema ,Mix
1e9qtty,I think sexy R&B sounds sad,1,16,cohonka,2024-07-22 22:02:10,https://www.reddit.com/r/Music/comments/1e9qtty/i_think_sexy_rb_sounds_sad/,False,False,False,False,,
1e9qox5,Peach Pit - Vickie [Indie Pop],2,0,starcaughtpeace,2024-07-22 21:56:36,https://youtu.be/fVgAaphNkOA,False,False,False,False, Indie ,Mix
1e9qa5s,Angels & Airwaves - All That's Left Is Love [Rock],2,0,starcaughtpeace,2024-07-22 21:39:29,https://youtu.be/9JJTvuxWIM0,False,False,False,False, Angel ,R&B
1e9pwrq,The Happy Fits - She Wants Me [Pop Rock],2,0,starcaughtpeace,2024-07-22 21:24:32,https://youtu.be/VWP5C4xhWHs,False,False,False,False,,
1e9of24,"Classical Music And Brain Power - Mozart, Chopin, Bach, Vivaldi... [Classical]",2,0,Delicious-Dust-9932,2024-07-22 20:24:40,https://youtu.be/Gj2HWLfMSVE,False,False,False,False, Viva! ,Mix
1e9ny9j,Thriller U - It Wasn't Easy [Reggae],2,0,MadWorldEarth,2024-07-22 20:05:59,https://youtu.be/qNUtZW6wALM?si=2Ij9E-6tcxV48QSk,False,False,False,False,,
1e9lse4,Smeethan - ROTHKO [Abstract],2,0,TheGoldenBoySound,2024-07-22 18:38:46,https://youtu.be/xTxTKk77hnU?feature=shared,False,False,False,False,,
1e9ldtx,Grateful Dead - Mama Tried [Folk Rock],2,0,d3rk2007,2024-07-22 18:22:44,https://youtu.be/PWKwTkL-gvY?si=4qcDdh1F6s9L07lT,False,False,False,False, Grateful Dead ,Rock
1e9l012,Ralph Felix - Life After Love [Nu-disco],2,0,mediazikos,2024-07-22 18:07:30,https://youtube.com/watch?v=EoNKL6Z61nk&si=287hCGH_rUGo8hru,False,False,False,False,,
1e9kxjm,Garsheli - Song 1 [gothicindustrial] (2024),2,0,mordshinogh,2024-07-22 18:04:49,https://youtu.be/Ss_S4YXGhQg?si=3Z6hW487QCBI0TB7,False,False,False,False,,
1e9jhx0,Dope - Everything Sucks [Industrial],2,0,Distinct_East6350,2024-07-22 17:06:42,https://youtu.be/rpJi06_Ccuo?si=CejEhB0XVxGgjG-a,False,False,False,False, Dope ,Rock
1e9gwvm,Swan Dive - One Sided [Pop],2,0,onceinawhilez2,2024-07-22 15:20:14,https://www.youtube.com/watch?v=TBu6T02z5Tw,False,False,False,False,,
1e9fcw8,Pretty Velvet - Dirty Soul [Rock],2,0,do-call-me-papi,2024-07-22 14:14:47,https://youtu.be/-zz6V50oIRQ?si=rmOtzA1f42nb7LvC,False,False,False,False, Dirty ,Hip-Hop
1e9aoog,Henry Cow - Living in the Heart of the Beast [Avant-Rock],2,1,TryingToUseLinux,2024-07-22 10:14:40,https://open.spotify.com/track/2aAprJtfNwgaNBrQEjRDOE?si=MBincF0bQ-6VoLe8XsQ3Ig,False,False,False,False, AVANT ,Soul
1e99fcp,"I Adore You - Hugel x Topic x Arash [Dance, Electronic]",2,0,sara-merce,2024-07-22 08:50:13,https://youtu.be/KiIc54yyktw?si=ayYRJ4xBCVBGzHOT,False,False,False,False, Electronic ,Alternative
1e98ely,Magnolia Sisters - Paulina Tate [Cajun Folk],2,0,Chebelea,2024-07-22 07:38:47,https://youtu.be/ozXR07w-NLY,False,False,False,False, NF ,Hip-Hop/Rap
1e94jvj,Miguel Mateos & ZAS - Atado a un Sentimiento [Rock],2,0,HomerSimsim98,2024-07-22 03:33:34,https://www.youtube.com/watch?v=JikW-MT62wI,False,False,False,False, Miguel ,R&B/Soul
1e94gcu,The Vision Bleak - Amala and Kamala [Gothic Metal],2,2,SpottyNoonerism,2024-07-22 03:28:12,https://www.youtube.com/watch?v=0XKsSE_nK7s,False,False,False,False, A&M ,Mix
1e92ba4,FILMMAKER - GRIM ENCODERS [electro-industrial],2,0,legalize-freedom,2024-07-22 01:35:23,https://www.youtube.com/watch?v=hTEWAqYij0Y,False,False,False,False,,
1e91ubl,Propaganda - Duel [New Wave  Synth Pop] ,2,0,djsoomo,2024-07-22 01:10:40,https://youtu.be/nnQ2zOmb6Hg,False,False,False,False,,
1e8ztfd,Paramore - Hallelujah [Pop-Punk],2,1,Kampfkaterpups,2024-07-21 23:30:56,https://youtube.com/watch?v=_TYlOXVdVcQ&si=oTAKhFwCdF-ufELX,False,False,False,False, Paramore ,Alternative
1e9s66h,Guido - Way U Make Me Feel feat. Yolanda [Dubstep],1,0,merrimoth,2024-07-22 22:59:21,https://www.youtube.com/watch?v=QhnQHEZAwT0,False,False,False,False, Dubstep ,Mix
1e9s4yw,Fuel - Bittersweet [Post Grunge],2,0,Distinct_East6350,2024-07-22 22:57:49,https://youtu.be/jcuKjYxzh3g?si=A0gvc_p-6Pwuna0u,False,False,False,False, Bittersweet ,Mix
1e9rx81,Radiohead - Let Down [Alternative Rock] (1997),1,0,MoistSnow220,2024-07-22 22:48:30,https://youtu.be/-Z_NvVMUcG8?si=pmXvScfqGwVsfFfh,False,False,False,False, Radiohead ,Rock
1e9rlny,"The Weeknd, Madonna, Playboi Carti - Popular [R&B] (2024) | Requiem For A Dream",2,0,0ni0ne,2024-07-22 22:34:43,https://youtu.be/qzPDzU2yA_k?si=kW-yeZzWR9KxFAmq,False,False,False,False, The Weeknd ,R&B/Soul
1e9rk5a,trouble - Camylio [alternative],1,0,fubar4lyfez,2024-07-22 22:32:51,https://youtu.be/mj68KazOb5c,False,False,False,False, Cam ,Country
1e9r8u6,plastic dagger - BETWEEN THE FLAMES [Indie Pop],1,0,starcaughtpeace,2024-07-22 22:19:38,https://youtu.be/YZVPzeStQCY,False,False,False,False, Indie ,Mix
1e9qz1h,KALEO - USA Today (2024) [Rock],1,0,YoungMoen97,2024-07-22 22:08:09,https://youtu.be/BuyVlH8Zisg?si=QTHrCJw-ZmC5nLI3,False,False,False,False, Today ,R&B/Soul
1e9qliq,AIglint Cover - Call of Duty [Metal],1,0,Agile-Painting-6698,2024-07-22 21:52:29,https://youtu.be/JGTCVgm1gCE?si=vYBJAY2autivQVI5,False,False,False,False, All ,Rock
1e9q5qa,Brecht’s Visionary ‚Barbara Song‘: The Symbolism of Freedom breaking Conventional Morality,1,1,Witty-Surprise9176,2024-07-22 21:34:32,https://www.reddit.com/r/Music/comments/1e9q5qa/brechts_visionary_barbara_song_the_symbolism_of/,False,False,False,False, DOM ,Mix
1e9q1sm,Noah Floersch - Colors [Indie Rock],1,0,starcaughtpeace,2024-07-22 21:30:09,https://youtu.be/MyQfAA-bb3Q,False,False,False,False, Indie ,Mix
1e9pteb,On Your Mind - Noah Floersch [Indie Pop],1,0,starcaughtpeace,2024-07-22 21:20:53,https://youtu.be/mGOJp6De5bg,False,False,False,False, Indie ,Mix
1e9pnl0,Phoneboy - Roses [Pop],1,0,starcaughtpeace,2024-07-22 21:14:30,https://youtu.be/V7QZ8sQVPrY,False,False,False,False, ESP ,Mix
1e9phsz,Tiësto - Traffic [Electronic],1,0,solidprospect,2024-07-22 21:07:49,https://www.youtube.com/watch?v=UItJn_4do88https://www.youtube.com/watch?v=UItJn_4do88https://www.youtube.com/watch?v=UItJn_4do88,False,False,False,False, Electronic ,Alternative
1e9p9cr,Operation: Limb Dissection  by The cutest pepsi (opinions pls!!) ,1,0,Pepsi_bepis,2024-07-22 20:58:30,https://www.bandlab.com/post/1562430269554dc58cd3adec4b16133e_53e7b47c0a48ef1186c4000d3a911448,False,False,False,False, T.I. ,Hip-Hop/Rap
